AARON,0.24,350151,77
ABDUL,0.007,10213,831
ABE,0.006,8754,854
ABEL,0.019,27720,485
ABRAHAM,0.035,51064,347
ABRAM,0.005,7295,1053
ADALBERTO,0.005,7295,1040
ADAM,0.259,377871,69
ADAN,0.008,11672,752
ADOLFO,0.014,20425,567
ADOLPH,0.011,16049,642
ADRIAN,0.069,100668,227
AGUSTIN,0.015,21884,563
AHMAD,0.006,8754,885
AHMED,0.005,7295,1000
AL,0.023,33556,435
ALAN,0.204,297628,91
ALBERT,0.314,458114,54
ALBERTO,0.053,77325,270
ALDEN,0.006,8754,889
ALDO,0.007,10213,849
ALEC,0.006,8754,930
ALEJANDRO,0.043,62735,305
ALEX,0.115,167781,156
ALEXANDER,0.132,192583,141
ALEXIS,0.011,16049,641
ALFONSO,0.038,55441,331
ALFONZO,0.006,8754,911
ALFRED,0.162,236352,125
ALFREDO,0.054,78784,269
ALI,0.012,17508,614
ALLAN,0.061,88997,250
ALLEN,0.174,253859,114
ALONSO,0.004,5836,1219
ALONZO,0.022,32097,451
ALPHONSE,0.007,10213,824
ALPHONSO,0.011,16049,654
ALTON,0.033,48146,361
ALVA,0.007,10213,793
ALVARO,0.012,17508,619
ALVIN,0.105,153191,169
AMADO,0.005,7295,965
AMBROSE,0.004,5836,1096
AMOS,0.02,29179,470
ANDERSON,0.007,10213,814
ANDRE,0.076,110881,217
ANDREA,0.006,8754,900
ANDREAS,0.004,5836,1110
ANDRES,0.034,49605,352
ANDREW,0.537,783462,35
ANDY,0.049,71489,284
ANGEL,0.082,119635,205
ANGELO,0.039,56899,326
ANIBAL,0.005,7295,959
ANTHONY,0.721,1051911,22
ANTIONE,0.004,5836,1155
ANTOINE,0.016,23343,536
ANTON,0.013,18966,591
ANTONE,0.005,7295,990
ANTONIA,0.004,5836,1069
ANTONIO,0.19,277203,100
ANTONY,0.008,11672,791
ANTWAN,0.006,8754,888
ARCHIE,0.033,48146,362
ARDEN,0.004,5836,1080
ARIEL,0.007,10213,830
ARLEN,0.004,5836,1134
ARLIE,0.004,5836,1189
ARMAND,0.012,17508,618
ARMANDO,0.058,84620,258
ARNOLD,0.072,105045,224
ARNOLDO,0.004,5836,1181
ARNULFO,0.007,10213,843
ARON,0.006,8754,864
ARRON,0.008,11672,790
ART,0.009,13131,710
ARTHUR,0.335,488752,48
ARTURO,0.043,62735,304
ASA,0.004,5836,1133
ASHLEY,0.014,20425,584
AUBREY,0.019,27720,495
AUGUST,0.015,21884,551
AUGUSTINE,0.007,10213,806
AUGUSTUS,0.005,7295,948
AURELIO,0.009,13131,736
AUSTIN,0.044,64194,301
AVERY,0.011,16049,638
BARNEY,0.009,13131,705
BARRETT,0.005,7295,1044
BARRY,0.134,195501,140
BART,0.014,20425,574
BARTON,0.006,8754,877
BASIL,0.01,14590,668
BEAU,0.009,13131,712
BEN,0.078,113799,212
BENEDICT,0.004,5836,1124
BENITO,0.015,21884,556
BENJAMIN,0.27,393920,66
BENNETT,0.008,11672,785
BENNIE,0.032,46687,371
BENNY,0.03,43769,382
BENTON,0.004,5836,1175
BERNARD,0.127,185288,142
BERNARDO,0.01,14590,664
BERNIE,0.008,11672,757
BERRY,0.006,8754,929
BERT,0.022,32097,453
BERTRAM,0.005,7295,1028
BILL,0.112,163404,159
BILLIE,0.017,24802,522
BILLY,0.248,361822,73
BLAINE,0.015,21884,559
BLAIR,0.008,11672,748
BLAKE,0.036,52523,342
BO,0.005,7295,1043
BOB,0.055,80243,266
BOBBIE,0.01,14590,660
BOBBY,0.223,325348,83
BOOKER,0.008,11672,770
BORIS,0.006,8754,860
BOYCE,0.004,5836,1174
BOYD,0.019,27720,487
BRAD,0.073,106504,219
BRADFORD,0.021,30638,467
BRADLEY,0.159,231975,128
BRADLY,0.005,7295,993
BRADY,0.014,20425,571
BRAIN,0.013,18966,602
BRANDEN,0.008,11672,751
BRANDON,0.26,379330,68
BRANT,0.006,8754,914
BRENDAN,0.019,27720,482
BRENDON,0.005,7295,1008
BRENT,0.09,131307,195
BRENTON,0.006,8754,920
BRET,0.018,26261,507
BRETT,0.082,119635,204
BRIAN,0.736,1073795,20
BRICE,0.005,7295,973
BRITT,0.004,5836,1123
BROCK,0.009,13131,701
BRODERICK,0.004,5836,1218
BROOKS,0.007,10213,829
BRUCE,0.263,383707,67
BRUNO,0.01,14590,697
BRYAN,0.19,277203,102
BRYANT,0.026,37933,409
BRYCE,0.016,23343,535
BRYON,0.012,17508,617
BUCK,0.004,5836,1205
BUD,0.005,7295,951
BUDDY,0.014,20425,586
BUFORD,0.008,11672,755
BURL,0.005,7295,996
BURT,0.006,8754,881
BURTON,0.014,20425,570
BUSTER,0.004,5836,1068
BYRON,0.052,75866,275
CALEB,0.023,33556,440
CALVIN,0.115,167781,155
CAMERON,0.037,53982,336
CAREY,0.013,18966,598
CARL,0.346,504801,47
CARLO,0.009,13131,732
CARLOS,0.229,334102,81
CARLTON,0.037,53982,334
CARMELO,0.009,13131,704
CARMEN,0.011,16049,651
CARMINE,0.007,10213,805
CAROL,0.006,8754,919
CARROL,0.004,5836,1085
CARROLL,0.026,37933,408
CARSON,0.008,11672,774
CARTER,0.009,13131,741
CARY,0.019,27720,492
CASEY,0.054,78784,268
CECIL,0.078,113799,214
CEDRIC,0.029,42310,390
CEDRICK,0.004,5836,1188
CESAR,0.034,49605,353
CHAD,0.165,240729,121
CHADWICK,0.007,10213,809
CHANCE,0.007,10213,842
CHANG,0.005,7295,943
CHARLES,1.523,2221998,8
CHARLEY,0.009,13131,727
CHARLIE,0.09,131307,197
CHAS,0.004,5836,1076
CHASE,0.016,23343,542
CHAUNCEY,0.005,7295,942
CHESTER,0.078,113799,213
CHET,0.005,7295,1027
CHI,0.005,7295,989
CHONG,0.004,5836,1058
CHRIS,0.197,287415,96
CHRISTIAN,0.065,94832,236
CHRISTOPER,0.006,8754,910
CHRISTOPHER,1.035,1510025,11
CHUCK,0.016,23343,547
CHUNG,0.005,7295,1039
CLAIR,0.008,11672,754
CLARENCE,0.197,287415,93
CLARK,0.026,37933,406
CLAUD,0.004,5836,1090
CLAUDE,0.068,99209,230
CLAUDIO,0.006,8754,925
CLAY,0.021,30638,464
CLAYTON,0.06,87538,253
CLEMENT,0.01,14590,692
CLEMENTE,0.004,5836,1079
CLEO,0.009,13131,731
CLETUS,0.005,7295,1018
CLEVELAND,0.016,23343,545
CLIFF,0.012,17508,612
CLIFFORD,0.123,179452,149
CLIFTON,0.05,72948,279
CLINT,0.024,35015,426
CLINTON,0.065,94832,239
CLYDE,0.095,138601,187
CODY,0.063,91915,246
COLBY,0.009,13131,703
COLE,0.01,14590,682
COLEMAN,0.006,8754,891
COLIN,0.031,45228,378
COLLIN,0.009,13131,739
COLTON,0.004,5836,1160
COLUMBUS,0.005,7295,1026
CONNIE,0.005,7295,967
CONRAD,0.022,32097,456
CORDELL,0.004,5836,1116
COREY,0.098,142978,182
CORNELIUS,0.021,30638,461
CORNELL,0.008,11672,787
CORTEZ,0.004,5836,1154
CORY,0.068,99209,229
COURTNEY,0.019,27720,488
COY,0.01,14590,693
CRAIG,0.206,300546,90
CRISTOBAL,0.004,5836,1095
CRISTOPHER,0.004,5836,1153
CRUZ,0.009,13131,724
CURT,0.015,21884,561
CURTIS,0.18,262613,112
CYRIL,0.007,10213,797
CYRUS,0.007,10213,796
DALE,0.184,268449,109
DALLAS,0.024,35015,424
DALTON,0.008,11672,765
DAMIAN,0.016,23343,548
DAMIEN,0.014,20425,578
DAMION,0.005,7295,988
DAMON,0.034,49605,357
DAN,0.101,147355,179
DANA,0.042,61276,314
DANE,0.012,17508,621
DANIAL,0.008,11672,747
DANIEL,0.974,1421028,12
DANILO,0.004,5836,1089
DANNIE,0.005,7295,956
DANNY,0.19,277203,101
DANTE,0.01,14590,691
DARELL,0.004,5836,1217
DAREN,0.008,11672,777
DARIN,0.02,29179,469
DARIO,0.005,7295,976
DARIUS,0.013,18966,606
DARNELL,0.02,29179,476
DARON,0.004,5836,1057
DARREL,0.022,32097,447
DARRELL,0.108,157568,165
DARREN,0.064,93374,243
DARRICK,0.005,7295,1012
DARRIN,0.019,27720,480
DARRON,0.004,5836,1067
DARRYL,0.067,97750,232
DARWIN,0.014,20425,583
DARYL,0.05,72948,281
DAVE,0.053,77325,271
DAVID,2.363,3447525,6
DAVIS,0.01,14590,684
DEAN,0.104,151732,173
DEANDRE,0.006,8754,896
DEANGELO,0.004,5836,1144
DEE,0.005,7295,978
DEL,0.004,5836,1122
DELBERT,0.031,45228,377
DELMAR,0.009,13131,717
DELMER,0.005,7295,975
DEMARCUS,0.005,7295,1017
DEMETRIUS,0.017,24802,527
DENIS,0.014,20425,577
DENNIS,0.415,605469,40
DENNY,0.01,14590,683
DENVER,0.009,13131,740
DEON,0.006,8754,909
DEREK,0.112,163404,163
DERICK,0.011,16049,647
DERRICK,0.103,150273,178
DESHAWN,0.004,5836,1084
DESMOND,0.014,20425,581
DEVIN,0.028,40851,395
DEVON,0.014,20425,566
DEWAYNE,0.018,26261,502
DEWEY,0.023,33556,434
DEWITT,0.006,8754,918
DEXTER,0.021,30638,466
DICK,0.009,13131,721
DIEGO,0.011,16049,640
DILLON,0.005,7295,964
DINO,0.006,8754,893
DION,0.01,14590,690
DIRK,0.008,11672,750
DOMENIC,0.004,5836,1066
DOMINGO,0.019,27720,493
DOMINIC,0.032,46687,374
DOMINICK,0.019,27720,486
DOMINIQUE,0.008,11672,768
DON,0.145,211549,135
DONALD,0.931,1358293,15
DONG,0.004,5836,1065
DONN,0.006,8754,933
DONNELL,0.01,14590,681
DONNIE,0.041,59817,315
DONNY,0.009,13131,709
DONOVAN,0.01,14590,667
DONTE,0.005,7295,1033
DORIAN,0.006,8754,870
DORSEY,0.004,5836,1216
DOUG,0.04,58358,323
DOUGLAS,0.367,535439,45
DOUGLASS,0.004,5836,1115
DOYLE,0.022,32097,446
DREW,0.024,35015,431
DUANE,0.077,112340,215
DUDLEY,0.009,13131,700
DUNCAN,0.007,10213,803
DUSTIN,0.103,150273,176
DUSTY,0.007,10213,832
DWAIN,0.005,7295,1032
DWAYNE,0.059,86079,256
DWIGHT,0.058,84620,257
DYLAN,0.016,23343,546
EARL,0.193,281580,98
EARLE,0.006,8754,853
EARNEST,0.031,45228,380
ED,0.032,46687,373
EDDIE,0.144,210090,136
EDDY,0.01,14590,676
EDGAR,0.08,116717,209
EDGARDO,0.006,8754,928
EDISON,0.004,5836,1083
EDMOND,0.019,27720,500
EDMUND,0.03,43769,387
EDMUNDO,0.004,5836,1198
EDUARDO,0.047,68571,296
EDWARD,0.779,1136531,19
EDWARDO,0.008,11672,769
EDWIN,0.148,215926,134
EFRAIN,0.017,24802,521
EFREN,0.006,8754,887
ELBERT,0.022,32097,454
ELDEN,0.004,5836,1215
ELDON,0.017,24802,529
ELDRIDGE,0.004,5836,1152
ELI,0.016,23343,534
ELIAS,0.022,32097,452
ELIJAH,0.019,27720,491
ELISEO,0.006,8754,884
ELISHA,0.004,5836,1204
ELLIOT,0.014,20425,582
ELLIOTT,0.014,20425,572
ELLIS,0.024,35015,423
ELLSWORTH,0.004,5836,1118
ELMER,0.074,107963,218
ELMO,0.006,8754,863
ELOY,0.006,8754,869
ELROY,0.004,5836,1078
ELTON,0.016,23343,544
ELVIN,0.013,18966,595
ELVIS,0.01,14590,663
ELWOOD,0.013,18966,604
EMANUEL,0.019,27720,498
EMERSON,0.008,11672,760
EMERY,0.01,14590,686
EMIL,0.019,27720,501
EMILE,0.006,8754,862
EMILIO,0.019,27720,490
EMMANUEL,0.018,26261,512
EMMETT,0.019,27720,496
EMMITT,0.004,5836,1056
EMORY,0.008,11672,743
ENOCH,0.005,7295,1007
ENRIQUE,0.046,67112,298
ERASMO,0.004,5836,1101
ERIC,0.544,793675,33
ERICH,0.007,10213,808
ERICK,0.023,33556,443
ERIK,0.068,99209,231
ERIN,0.007,10213,802
ERNEST,0.215,313677,86
ERNESTO,0.037,53982,335
ERNIE,0.015,21884,560
ERROL,0.008,11672,764
ERVIN,0.023,33556,433
ERWIN,0.015,21884,555
ESTEBAN,0.013,18966,590
ETHAN,0.017,24802,528
EUGENE,0.23,335561,80
EUGENIO,0.007,10213,838
EUSEBIO,0.004,5836,1064
EVAN,0.042,61276,312
EVERETT,0.057,83161,261
EVERETTE,0.006,8754,866
EZEKIEL,0.004,5836,1075
EZEQUIEL,0.004,5836,1100
EZRA,0.007,10213,847
FABIAN,0.012,17508,630
FAUSTINO,0.006,8754,924
FAUSTO,0.004,5836,1132
FEDERICO,0.01,14590,678
FELIPE,0.032,46687,370
FELIX,0.058,84620,259
FELTON,0.004,5836,1099
FERDINAND,0.007,10213,845
FERMIN,0.005,7295,1038
FERNANDO,0.065,94832,238
FIDEL,0.012,17508,610
FILIBERTO,0.004,5836,1143
FLETCHER,0.008,11672,762
FLORENCIO,0.005,7295,1011
FLORENTINO,0.004,5836,1077
FLOYD,0.107,156109,167
FOREST,0.007,10213,817
FORREST,0.027,39392,401
FOSTER,0.006,8754,923
FRANCES,0.005,7295,962
FRANCESCO,0.004,5836,1138
FRANCIS,0.16,233434,127
FRANCISCO,0.124,180911,145
FRANK,0.581,847656,31
FRANKIE,0.023,33556,444
FRANKLIN,0.077,112340,216
FRANKLYN,0.004,5836,1197
FRED,0.251,366199,71
FREDDIE,0.046,67112,299
FREDDY,0.016,23343,533
FREDERIC,0.009,13131,720
FREDERICK,0.154,224680,131
FREDRIC,0.005,7295,992
FREDRICK,0.043,62735,303
FREEMAN,0.007,10213,801
FRITZ,0.006,8754,905
GABRIEL,0.073,106504,220
GAIL,0.006,8754,868
GALE,0.008,11672,784
GALEN,0.009,13131,714
GARFIELD,0.005,7295,1049
GARLAND,0.017,24802,518
GARRET,0.004,5836,1131
GARRETT,0.029,42310,388
GARRY,0.032,46687,367
GARTH,0.007,10213,795
GARY,0.65,948325,26
GASTON,0.004,5836,1142
GAVIN,0.01,14590,685
GAYLE,0.004,5836,1130
GAYLORD,0.004,5836,1141
GENARO,0.008,11672,783
GENE,0.087,126930,200
GEOFFREY,0.032,46687,368
GEORGE,0.927,1352457,16
GERALD,0.309,450819,58
GERALDO,0.005,7295,1024
GERARD,0.04,58358,322
GERARDO,0.032,46687,372
GERMAN,0.008,11672,756
GERRY,0.011,16049,649
GIL,0.006,8754,883
GILBERT,0.089,129848,199
GILBERTO,0.024,35015,425
GINO,0.006,8754,927
GIOVANNI,0.007,10213,794
GIUSEPPE,0.005,7295,1016
GLEN,0.094,137142,188
GLENN,0.167,243647,117
GONZALO,0.011,16049,646
GORDON,0.104,151732,172
GRADY,0.021,30638,459
GRAHAM,0.012,17508,633
GRAIG,0.004,5836,1196
GRANT,0.036,52523,343
GRANVILLE,0.004,5836,1146
GREG,0.104,151732,174
GREGG,0.029,42310,392
GREGORIO,0.014,20425,585
GREGORY,0.441,643402,37
GROVER,0.016,23343,543
GUADALUPE,0.026,37933,405
GUILLERMO,0.031,45228,379
GUS,0.011,16049,637
GUSTAVO,0.025,36474,418
GUY,0.06,87538,252
HAI,0.004,5836,1214
HAL,0.013,18966,601
HANK,0.005,7295,983
HANS,0.015,21884,557
HARLAN,0.014,20425,580
HARLAND,0.004,5836,1180
HARLEY,0.017,24802,526
HAROLD,0.371,541275,44
HARRIS,0.009,13131,730
HARRISON,0.014,20425,568
HARRY,0.251,366199,70
HARVEY,0.072,105045,225
HASSAN,0.005,7295,1015
HAYDEN,0.004,5836,1179
HAYWOOD,0.004,5836,1074
HEATH,0.017,24802,524
HECTOR,0.094,137142,189
HENRY,0.365,532521,46
HERB,0.004,5836,1109
HERBERT,0.155,226139,130
HERIBERTO,0.01,14590,680
HERMAN,0.097,141519,183
HERSCHEL,0.007,10213,792
HERSHEL,0.006,8754,876
HILARIO,0.005,7295,950
HILTON,0.005,7295,1031
HIPOLITO,0.005,7295,1037
HIRAM,0.01,14590,666
HOBERT,0.004,5836,1187
HOLLIS,0.009,13131,707
HOMER,0.04,58358,321
HONG,0.004,5836,1126
HORACE,0.036,52523,344
HORACIO,0.005,7295,972
HOSEA,0.004,5836,1163
HOUSTON,0.008,11672,779
HOWARD,0.23,335561,79
HOYT,0.004,5836,1073
HUBERT,0.039,56899,325
HUEY,0.005,7295,1030
HUGH,0.06,87538,254
HUGO,0.023,33556,438
HUMBERTO,0.018,26261,511
HUNG,0.008,11672,789
HUNTER,0.009,13131,735
HYMAN,0.004,5836,1098
IAN,0.056,81702,263
IGNACIO,0.023,33556,439
IKE,0.004,5836,1105
IRA,0.035,51064,351
IRVIN,0.02,29179,473
IRVING,0.026,37933,407
IRWIN,0.009,13131,723
ISAAC,0.051,74407,277
ISAIAH,0.011,16049,635
ISAIAS,0.005,7295,1036
ISIAH,0.006,8754,861
ISIDRO,0.009,13131,715
ISMAEL,0.024,35015,429
ISRAEL,0.028,40851,399
ISREAL,0.004,5836,1129
ISSAC,0.01,14590,698
IVAN,0.053,77325,272
IVORY,0.006,8754,899
JACINTO,0.004,5836,1195
JACK,0.315,459573,53
JACKIE,0.043,62735,306
JACKSON,0.012,17508,615
JACOB,0.165,240729,122
JACQUES,0.008,11672,763
JAE,0.004,5836,1140
JAIME,0.055,80243,267
JAKE,0.025,36474,419
JAMAAL,0.006,8754,917
JAMAL,0.014,20425,565
JAMAR,0.006,8754,859
JAME,0.008,11672,782
JAMEL,0.007,10213,822
JAMES,3.318,4840833,1
JAMEY,0.005,7295,1042
JAMIE,0.066,96291,233
JAMISON,0.005,7295,1010
JAN,0.019,27720,489
JARED,0.071,103586,226
JAROD,0.004,5836,1108
JARRED,0.006,8754,932
JARRETT,0.007,10213,828
JARROD,0.014,20425,575
JARVIS,0.01,14590,696
JASON,0.66,962914,24
JASPER,0.015,21884,553
JAVIER,0.065,94832,237
JAY,0.118,172157,152
JAYSON,0.01,14590,689
JC,0.004,5836,1072
JEAN,0.035,51064,350
JED,0.005,7295,961
JEFF,0.166,242188,120
JEFFEREY,0.005,7295,999
JEFFERSON,0.01,14590,662
JEFFERY,0.166,242188,118
JEFFREY,0.591,862246,30
JEFFRY,0.012,17508,620
JERALD,0.019,27720,499
JERAMY,0.004,5836,1203
JERE,0.004,5836,1213
JEREMIAH,0.042,61276,311
JEREMY,0.242,353069,76
JERMAINE,0.028,40851,400
JEROLD,0.006,8754,904
JEROME,0.108,157568,166
JEROMY,0.004,5836,1186
JERRELL,0.004,5836,1185
JERROD,0.006,8754,874
JERROLD,0.005,7295,981
JERRY,0.432,630271,39
JESS,0.018,26261,509
JESSE,0.209,304923,89
JESSIE,0.065,94832,235
JESUS,0.155,226139,129
JEWEL,0.004,5836,1212
JEWELL,0.004,5836,1178
JIM,0.118,172157,153
JIMMIE,0.058,84620,260
JIMMY,0.191,278662,99
JOAN,0.008,11672,759
JOAQUIN,0.014,20425,579
JODY,0.024,35015,432
JOE,0.321,468327,51
JOEL,0.152,221762,133
JOESPH,0.012,17508,622
JOEY,0.043,62735,307
JOHN,3.271,4772262,2
JOHNATHAN,0.034,49605,354
JOHNATHON,0.009,13131,718
JOHNIE,0.007,10213,827
JOHNNIE,0.052,75866,273
JOHNNY,0.195,284497,97
JOHNSON,0.004,5836,1128
JON,0.115,167781,157
JONAH,0.005,7295,980
JONAS,0.007,10213,816
JONATHAN,0.313,456655,55
JONATHON,0.032,46687,369
JORDAN,0.056,81702,262
JORDON,0.004,5836,1088
JORGE,0.104,151732,175
JOSE,0.613,894343,28
JOSEF,0.006,8754,867
JOSEPH,1.404,2048382,9
JOSH,0.023,33556,437
JOSHUA,0.435,634648,38
JOSIAH,0.006,8754,913
JOSPEH,0.004,5836,1159
JOSUE,0.008,11672,767
JUAN,0.316,461032,52
JUDE,0.004,5836,1114
JUDSON,0.006,8754,926
JULES,0.006,8754,882
JULIAN,0.052,75866,276
JULIO,0.063,91915,247
JULIUS,0.042,61276,313
JUNIOR,0.016,23343,532
JUSTIN,0.311,453737,56
KAREEM,0.006,8754,858
KARL,0.069,100668,228
KASEY,0.004,5836,1177
KEENAN,0.005,7295,1021
KEITH,0.308,449360,59
KELLEY,0.004,5836,1082
KELLY,0.063,91915,248
KELVIN,0.034,49605,358
KEN,0.055,80243,265
KENDALL,0.016,23343,538
KENDRICK,0.013,18966,605
KENETH,0.004,5836,1194
KENNETH,0.826,1205102,17
KENNITH,0.007,10213,804
KENNY,0.039,56899,324
KENT,0.048,70030,293
KENTON,0.005,7295,987
KERMIT,0.013,18966,588
KERRY,0.036,52523,346
KEVEN,0.005,7295,949
KEVIN,0.671,978963,23
KIETH,0.006,8754,898
KIM,0.028,40851,397
KING,0.004,5836,1055
KIP,0.005,7295,995
KIRBY,0.009,13131,722
KIRK,0.049,71489,288
KOREY,0.004,5836,1158
KORY,0.005,7295,947
KRAIG,0.004,5836,1184
KRIS,0.011,16049,634
KRISTOFER,0.004,5836,1173
KRISTOPHER,0.025,36474,414
KURT,0.062,90456,249
KURTIS,0.009,13131,734
KYLE,0.16,233434,126
LACY,0.004,5836,1063
LAMAR,0.021,30638,462
LAMONT,0.017,24802,516
LANCE,0.063,91915,245
LANDON,0.008,11672,749
LANE,0.009,13131,729
LANNY,0.006,8754,857
LARRY,0.598,872459,29
LAUREN,0.004,5836,1202
LAURENCE,0.024,35015,428
LAVERN,0.006,8754,880
LAVERNE,0.008,11672,788
LAWERENCE,0.005,7295,1052
LAWRENCE,0.282,411427,63
LAZARO,0.007,10213,823
LEANDRO,0.004,5836,1183
LEE,0.162,236352,123
LEIF,0.004,5836,1201
LEIGH,0.004,5836,1127
LELAND,0.027,39392,403
LEMUEL,0.006,8754,879
LEN,0.004,5836,1104
LENARD,0.005,7295,941
LENNY,0.005,7295,968
LEO,0.106,154650,168
LEON,0.112,163404,162
LEONARD,0.186,271367,107
LEONARDO,0.015,21884,552
LEONEL,0.008,11672,742
LEOPOLDO,0.006,8754,865
LEROY,0.125,182370,144
LES,0.006,8754,895
LESLEY,0.004,5836,1172
LESLIE,0.081,118176,208
LESTER,0.091,132765,194
LEVI,0.025,36474,416
LEWIS,0.099,144437,180
LINCOLN,0.008,11672,781
LINDSAY,0.004,5836,1211
LINDSEY,0.007,10213,834
LINO,0.004,5836,1107
LINWOOD,0.009,13131,711
LIONEL,0.024,35015,420
LLOYD,0.112,163404,160
LOGAN,0.017,24802,523
LON,0.007,10213,800
LONG,0.004,5836,1157
LONNIE,0.064,93374,244
LONNY,0.004,5836,1103
LOREN,0.032,46687,376
LORENZO,0.036,52523,339
LOU,0.005,7295,1025
LOUIE,0.018,26261,514
LOUIS,0.243,354528,75
LOWELL,0.029,42310,391
LOYD,0.011,16049,639
LUCAS,0.031,45228,381
LUCIANO,0.007,10213,833
LUCIEN,0.007,10213,844
LUCIO,0.006,8754,873
LUCIUS,0.004,5836,1171
LUIGI,0.004,5836,1193
LUIS,0.189,275744,104
LUKE,0.04,58358,320
LUPE,0.005,7295,971
LUTHER,0.043,62735,309
LYLE,0.038,55441,328
LYMAN,0.006,8754,912
LYNDON,0.005,7295,1020
LYNN,0.038,55441,330
LYNWOOD,0.004,5836,1210
MAC,0.005,7295,979
MACK,0.025,36474,415
MAJOR,0.007,10213,826
MALCOLM,0.034,49605,355
MALCOM,0.004,5836,1156
MALIK,0.004,5836,1148
MAN,0.004,5836,1176
MANUAL,0.004,5836,1139
MANUEL,0.181,264072,110
MARC,0.087,126930,201
MARCEL,0.012,17508,613
MARCELINO,0.009,13131,728
MARCELLUS,0.004,5836,1170
MARCELO,0.005,7295,946
MARCO,0.033,48146,363
MARCOS,0.025,36474,417
MARCUS,0.124,180911,146
MARGARITO,0.006,8754,890
MARIA,0.005,7295,940
MARIANO,0.008,11672,746
MARIO,0.125,182370,143
MARION,0.048,70030,290
MARK,0.938,1368506,14
MARKUS,0.005,7295,1029
MARLIN,0.012,17508,609
MARLON,0.019,27720,497
MARQUIS,0.006,8754,856
MARSHALL,0.049,71489,285
MARTIN,0.216,315136,85
MARTY,0.024,35015,421
MARVIN,0.171,249482,115
MARY,0.009,13131,699
MASON,0.012,17508,632
MATHEW,0.064,93374,241
MATT,0.038,55441,329
MATTHEW,0.657,958538,25
MAURICE,0.097,141519,184
MAURICIO,0.01,14590,665
MAURO,0.005,7295,955
MAX,0.059,86079,255
MAXIMO,0.005,7295,1048
MAXWELL,0.01,14590,695
MAYNARD,0.01,14590,672
MCKINLEY,0.005,7295,1047
MEL,0.005,7295,945
MELVIN,0.162,236352,124
MERLE,0.021,30638,468
MERLIN,0.009,13131,725
MERRILL,0.009,13131,726
MERVIN,0.007,10213,819
MICAH,0.017,24802,520
MICHAEL,2.629,3835609,4
MICHAL,0.004,5836,1209
MICHALE,0.004,5836,1145
MICHEAL,0.123,179452,147
MICHEL,0.012,17508,627
MICKEY,0.016,23343,541
MIGUEL,0.122,177993,150
MIKE,0.189,275744,105
MIKEL,0.005,7295,1006
MILAN,0.004,5836,1106
MILES,0.017,24802,519
MILFORD,0.006,8754,907
MILLARD,0.011,16049,644
MILO,0.005,7295,960
MILTON,0.08,116717,210
MINH,0.005,7295,1014
MIQUEL,0.004,5836,1062
MITCH,0.006,8754,852
MITCHEL,0.007,10213,818
MITCHELL,0.072,105045,222
MODESTO,0.004,5836,1137
MOHAMED,0.005,7295,974
MOHAMMAD,0.008,11672,745
MOHAMMED,0.007,10213,839
MOISES,0.013,18966,607
MONROE,0.008,11672,766
MONTE,0.015,21884,558
MONTY,0.012,17508,628
MORGAN,0.018,26261,508
MORRIS,0.051,74407,278
MORTON,0.007,10213,815
MOSE,0.004,5836,1125
MOSES,0.02,29179,472
MOSHE,0.005,7295,1005
MURRAY,0.015,21884,564
MYLES,0.007,10213,813
MYRON,0.03,43769,386
NAPOLEON,0.006,8754,903
NATHAN,0.185,269908,108
NATHANAEL,0.004,5836,1121
NATHANIAL,0.004,5836,1087
NATHANIEL,0.081,118176,206
NEAL,0.037,53982,337
NED,0.012,17508,624
NEIL,0.066,96291,234
NELSON,0.061,88997,251
NESTOR,0.009,13131,706
NEVILLE,0.004,5836,1081
NEWTON,0.005,7295,966
NICHOLAS,0.275,401214,64
NICK,0.043,62735,308
NICKOLAS,0.01,14590,671
NICKY,0.004,5836,1151
NICOLAS,0.024,35015,427
NIGEL,0.006,8754,886
NOAH,0.022,32097,458
NOBLE,0.005,7295,1004
NOE,0.011,16049,658
NOEL,0.03,43769,383
NOLAN,0.013,18966,597
NORBERT,0.013,18966,594
NORBERTO,0.006,8754,902
NORMAN,0.177,258236,113
NORMAND,0.006,8754,897
NORRIS,0.011,16049,643
NUMBERS,0.008,11672,753
OCTAVIO,0.008,11672,786
ODELL,0.01,14590,694
ODIS,0.005,7295,939
OLEN,0.005,7295,958
OLIN,0.006,8754,922
OLIVER,0.04,58358,319
OLLIE,0.01,14590,670
OMAR,0.036,52523,340
OMER,0.005,7295,1035
OREN,0.005,7295,1003
ORLANDO,0.037,53982,332
ORVAL,0.005,7295,954
ORVILLE,0.024,35015,430
OSCAR,0.122,177993,151
OSVALDO,0.006,8754,894
OSWALDO,0.004,5836,1117
OTHA,0.004,5836,1061
OTIS,0.041,59817,316
OTTO,0.018,26261,504
OWEN,0.026,37933,410
PABLO,0.036,52523,338
PALMER,0.004,5836,1113
PARIS,0.004,5836,1060
PARKER,0.006,8754,878
PASQUALE,0.008,11672,744
PAT,0.022,32097,457
PATRICIA,0.004,5836,1192
PATRICK,0.389,567536,42
PAUL,0.948,1383095,13
PEDRO,0.103,150273,177
PERCY,0.021,30638,465
PERRY,0.049,71489,287
PETE,0.032,46687,365
PETER,0.381,555864,43
PHIL,0.021,30638,460
PHILIP,0.197,287415,95
PHILLIP,0.213,310759,87
PIERRE,0.016,23343,531
PORFIRIO,0.005,7295,938
PORTER,0.004,5836,1200
PRESTON,0.034,49605,360
PRINCE,0.005,7295,937
QUENTIN,0.015,21884,562
QUINCY,0.01,14590,675
QUINN,0.005,7295,994
QUINTIN,0.005,7295,1009
QUINTON,0.013,18966,600
RAFAEL,0.081,118176,207
RALEIGH,0.005,7295,1051
RALPH,0.282,411427,62
RAMIRO,0.022,32097,455
RAMON,0.09,131307,196
RANDAL,0.02,29179,477
RANDALL,0.138,201337,139
RANDELL,0.007,10213,825
RANDOLPH,0.032,46687,366
RANDY,0.232,338479,78
RAPHAEL,0.012,17508,616
RASHAD,0.004,5836,1054
RAUL,0.079,115258,211
RAY,0.153,223221,132
RAYFORD,0.004,5836,1094
RAYMON,0.004,5836,1093
RAYMOND,0.488,711973,36
RAYMUNDO,0.008,11672,776
REED,0.01,14590,661
REFUGIO,0.006,8754,892
REGGIE,0.012,17508,631
REGINALD,0.084,122553,202
REID,0.007,10213,812
REINALDO,0.006,8754,872
RENALDO,0.004,5836,1169
RENATO,0.004,5836,1071
RENE,0.048,70030,295
REUBEN,0.015,21884,549
REX,0.037,53982,333
REY,0.004,5836,1168
REYES,0.005,7295,977
REYNALDO,0.018,26261,506
RHETT,0.004,5836,1112
RICARDO,0.093,135683,191
RICH,0.007,10213,821
RICHARD,1.703,2484611,7
RICHIE,0.005,7295,970
RICK,0.091,132765,193
RICKEY,0.035,51064,349
RICKIE,0.011,16049,657
RICKY,0.141,205714,137
RICO,0.006,8754,916
RIGOBERTO,0.011,16049,653
RILEY,0.01,14590,669
ROB,0.013,18966,603
ROBBIE,0.016,23343,537
ROBBY,0.008,11672,780
ROBERT,3.143,4585515,3
ROBERTO,0.097,141519,186
ROBIN,0.032,46687,375
ROBT,0.005,7295,982
ROCCO,0.011,16049,645
ROCKY,0.016,23343,530
ROD,0.013,18966,599
RODERICK,0.036,52523,345
RODGER,0.017,24802,525
RODNEY,0.18,262613,111
RODOLFO,0.03,43769,385
RODRICK,0.006,8754,871
RODRIGO,0.011,16049,648
ROGELIO,0.022,32097,448
ROGER,0.322,469786,50
ROLAND,0.072,105045,223
ROLANDO,0.021,30638,463
ROLF,0.004,5836,1167
ROLLAND,0.005,7295,986
ROMAN,0.02,29179,475
ROMEO,0.01,14590,688
RON,0.072,105045,221
RONALD,0.725,1057747,21
RONNIE,0.113,164863,158
RONNY,0.007,10213,798
ROOSEVELT,0.028,40851,398
RORY,0.012,17508,629
ROSARIO,0.005,7295,953
ROSCOE,0.013,18966,589
ROSENDO,0.006,8754,906
ROSS,0.05,72948,282
ROY,0.273,398296,65
ROYAL,0.006,8754,851
ROYCE,0.016,23343,539
RUBEN,0.082,119635,203
RUBIN,0.006,8754,850
RUDOLF,0.004,5836,1166
RUDOLPH,0.034,49605,356
RUDY,0.034,49605,359
RUEBEN,0.004,5836,1182
RUFUS,0.025,36474,411
RUPERT,0.005,7295,985
RUSS,0.007,10213,811
RUSSEL,0.015,21884,554
RUSSELL,0.224,326807,82
RUSTY,0.012,17508,626
RYAN,0.328,478539,49
SAL,0.005,7295,952
SALVADOR,0.049,71489,286
SALVATORE,0.029,42310,389
SAM,0.092,134224,192
SAMMIE,0.012,17508,625
SAMMY,0.025,36474,413
SAMUAL,0.004,5836,1059
SAMUEL,0.306,446442,60
SANDY,0.007,10213,840
SANFORD,0.009,13131,702
SANG,0.006,8754,908
SANTIAGO,0.022,32097,450
SANTO,0.004,5836,1165
SANTOS,0.019,27720,494
SAUL,0.02,29179,474
SCOT,0.01,14590,673
SCOTT,0.546,796593,32
SCOTTIE,0.007,10213,837
SCOTTY,0.013,18966,593
SEAN,0.197,287415,94
SEBASTIAN,0.01,14590,677
SERGIO,0.049,71489,289
SETH,0.048,70030,292
SEYMOUR,0.007,10213,836
SHAD,0.004,5836,1164
SHANE,0.093,135683,190
SHANNON,0.04,58358,317
SHAUN,0.039,56899,327
SHAWN,0.2,291792,92
SHAYNE,0.004,5836,1086
SHELBY,0.011,16049,656
SHELDON,0.023,33556,442
SHELTON,0.008,11672,773
SHERMAN,0.028,40851,393
SHERWOOD,0.004,5836,1092
SHIRLEY,0.005,7295,936
SHON,0.004,5836,1208
SID,0.004,5836,1199
SIDNEY,0.052,75866,274
SILAS,0.009,13131,719
SIMON,0.026,37933,404
SOL,0.005,7295,1050
SOLOMON,0.013,18966,592
SON,0.012,17508,608
SONNY,0.008,11672,772
SPENCER,0.03,43769,384
STACEY,0.011,16049,650
STACY,0.017,24802,517
STAN,0.015,21884,550
STANFORD,0.005,7295,1002
STANLEY,0.186,271367,106
STANTON,0.004,5836,1102
STEFAN,0.009,13131,708
STEPHAN,0.018,26261,513
STEPHEN,0.54,787839,34
STERLING,0.016,23343,540
STEVE,0.246,358904,74
STEVEN,0.78,1137990,18
STEVIE,0.007,10213,799
STEWART,0.022,32097,445
STUART,0.044,64194,302
SUNG,0.005,7295,984
SYDNEY,0.007,10213,848
SYLVESTER,0.028,40851,396
TAD,0.005,7295,935
TANNER,0.006,8754,931
TAYLOR,0.024,35015,422
TED,0.064,93374,240
TEDDY,0.018,26261,505
TEODORO,0.005,7295,1046
TERENCE,0.022,32097,449
TERRANCE,0.048,70030,294
TERRELL,0.02,29179,471
TERRENCE,0.047,68571,297
TERRY,0.311,453737,57
THAD,0.007,10213,846
THADDEUS,0.012,17508,611
THANH,0.005,7295,963
THEO,0.005,7295,1023
THEODORE,0.123,179452,148
THERON,0.008,11672,775
THOMAS,1.38,2013366,10
THURMAN,0.012,17508,623
TIM,0.104,151732,170
TIMMY,0.019,27720,479
TIMOTHY,0.64,933735,27
TITUS,0.004,5836,1097
TOBIAS,0.005,7295,1013
TOBY,0.019,27720,483
TOD,0.005,7295,944
TODD,0.213,310759,88
TOM,0.117,170698,154
TOMAS,0.023,33556,441
TOMMIE,0.02,29179,478
TOMMY,0.112,163404,161
TONEY,0.004,5836,1120
TONY,0.19,277203,103
TORY,0.005,7295,969
TRACEY,0.007,10213,835
TRACY,0.048,70030,291
TRAVIS,0.166,242188,119
TRENT,0.018,26261,510
TRENTON,0.009,13131,733
TREVOR,0.04,58358,318
TREY,0.006,8754,901
TRINIDAD,0.005,7295,934
TRISTAN,0.008,11672,778
TROY,0.138,201337,138
TRUMAN,0.009,13131,716
TUAN,0.004,5836,1150
TY,0.011,16049,655
TYLER,0.089,129848,198
TYREE,0.005,7295,998
TYRELL,0.005,7295,1019
TYRON,0.005,7295,1034
TYRONE,0.064,93374,242
TYSON,0.014,20425,569
ULYSSES,0.01,14590,679
VAL,0.004,5836,1091
VALENTIN,0.007,10213,841
VALENTINE,0.005,7295,1041
VAN,0.019,27720,484
VANCE,0.014,20425,576
VAUGHN,0.011,16049,636
VERN,0.01,14590,659
VERNON,0.097,141519,185
VICENTE,0.017,24802,515
VICTOR,0.222,323889,84
VINCE,0.01,14590,674
VINCENT,0.168,245105,116
VINCENZO,0.004,5836,1207
VIRGIL,0.049,71489,283
VIRGILIO,0.004,5836,1119
VITO,0.009,13131,738
VON,0.004,5836,1162
WADE,0.045,65653,300
WALDO,0.005,7295,991
WALKER,0.005,7295,997
WALLACE,0.056,81702,264
WALLY,0.004,5836,1191
WALTER,0.399,582126,41
WALTON,0.004,5836,1111
WARD,0.01,14590,687
WARNER,0.004,5836,1136
WARREN,0.11,160486,164
WAYLON,0.004,5836,1161
WAYNE,0.249,363281,72
WELDON,0.009,13131,713
WENDELL,0.042,61276,310
WERNER,0.005,7295,1022
WES,0.004,5836,1147
WESLEY,0.104,151732,171
WESTON,0.006,8754,875
WHITNEY,0.005,7295,1045
WILBER,0.004,5836,1070
WILBERT,0.027,39392,402
WILBUR,0.036,52523,341
WILBURN,0.007,10213,810
WILEY,0.011,16049,652
WILFORD,0.008,11672,771
WILFRED,0.023,33556,436
WILFREDO,0.014,20425,573
WILL,0.018,26261,503
WILLARD,0.05,72948,280
WILLIAM,2.451,3575914,5
WILLIAMS,0.013,18966,596
WILLIAN,0.004,5836,1206
WILLIE,0.302,440606,61
WILLIS,0.035,51064,348
WILLY,0.005,7295,1001
WILMER,0.008,11672,758
WILSON,0.028,40851,394
WILTON,0.006,8754,915
WINFORD,0.004,5836,1190
WINFRED,0.009,13131,737
WINSTON,0.019,27720,481
WM,0.033,48146,364
WOODROW,0.025,36474,412
WYATT,0.006,8754,855
XAVIER,0.013,18966,587
YONG,0.006,8754,921
YOUNG,0.007,10213,807
ZACHARIAH,0.005,7295,957
ZACHARY,0.099,144437,181
ZACHERY,0.008,11672,761
ZACK,0.004,5836,1135
ZACKARY,0.004,5836,1149
ZANE,0.007,10213,820
